{"v":"4.9.0","fr":29.9700012207031,"ip":0,"op":50.0000020365418,"w":375,"h":667,"nm":"iphone6","ddd":0,"assets":[{"id":"comp_0","layers":[{"ddd":0,"ind":1,"ty":4,"nm":"Shape Layer 4","sr":1,"ks":{"o":{"a":0,"k":100},"r":{"a":0,"k":0},"p":{"a":0,"k":[178.625,50,0]},"a":{"a":0,"k":[0,0,0]},"s":{"a":0,"k":[100,100,100]}},"ao":0,"shapes":[{"ty":"gr","it":[{"ty":"rc","d":1,"s":{"a":0,"k":[120,99]},"p":{"a":0,"k":[0,0]},"r":{"a":0,"k":3},"nm":"Rectangle Path 1","mn":"ADBE Vector Shape - Rect"},{"ty":"tr","p":{"a":0,"k":[-118.723,-0.373],"ix":2},"a":{"a":0,"k":[0,0],"ix":1},"s":{"a":0,"k":[100,100],"ix":3},"r":{"a":0,"k":0,"ix":6},"o":{"a":0,"k":100,"ix":7},"sk":{"a":0,"k":0,"ix":4},"sa":{"a":0,"k":0,"ix":5},"nm":"Transform"}],"nm":"Rectangle 2","np":1,"cix":2,"ix":1,"mn":"ADBE Vector Group"},{"ty":"gr","it":[{"ty":"rc","d":1,"s":{"a":0,"k":[211.359,8.016]},"p":{"a":0,"k":[0,0]},"r":{"a":0,"k":0},"nm":"Rectangle Path 1","mn":"ADBE Vector Shape - Rect"},{"ty":"tr","p":{"a":0,"k":[-43.637,-5.751],"ix":2},"a":{"a":0,"k":[-105.443,0.088],"ix":1},"s":{"a":0,"k":[84.645,100],"ix":3},"r":{"a":0,"k":0,"ix":6},"o":{"a":0,"k":100,"ix":7},"sk":{"a":0,"k":0,"ix":4},"sa":{"a":0,"k":0,"ix":5},"nm":"Transform"}],"nm":"Rectangle 6","np":1,"cix":2,"ix":2,"mn":"ADBE Vector Group"},{"ty":"gr","it":[{"ty":"rc","d":1,"s":{"a":0,"k":[211.359,8.016]},"p":{"a":0,"k":[0,0]},"r":{"a":0,"k":0},"nm":"Rectangle Path 1","mn":"ADBE Vector Shape - Rect"},{"ty":"tr","p":{"a":0,"k":[-43.637,-21.722],"ix":2},"a":{"a":0,"k":[-105.443,0.088],"ix":1},"s":{"a":0,"k":[84.645,100],"ix":3},"r":{"a":0,"k":0,"ix":6},"o":{"a":0,"k":100,"ix":7},"sk":{"a":0,"k":0,"ix":4},"sa":{"a":0,"k":0,"ix":5},"nm":"Transform"}],"nm":"Rectangle 4","np":1,"cix":2,"ix":3,"mn":"ADBE Vector Group"},{"ty":"gr","it":[{"ty":"rc","d":1,"s":{"a":0,"k":[211.359,8.016]},"p":{"a":0,"k":[0,0]},"r":{"a":0,"k":0},"nm":"Rectangle Path 1","mn":"ADBE Vector Shape - Rect"},{"ty":"tr","p":{"a":0,"k":[-43.826,9.75],"ix":2},"a":{"a":0,"k":[-105.633,0.252],"ix":1},"s":{"a":0,"k":[39.108,100],"ix":3},"r":{"a":0,"k":0,"ix":6},"o":{"a":0,"k":100,"ix":7},"sk":{"a":0,"k":0,"ix":4},"sa":{"a":0,"k":0,"ix":5},"nm":"Transform"}],"nm":"Rectangle 5","np":1,"cix":2,"ix":4,"mn":"ADBE Vector Group"},{"ty":"gr","it":[{"ty":"rc","d":1,"s":{"a":0,"k":[211.359,8.016]},"p":{"a":0,"k":[0,0]},"r":{"a":0,"k":0},"nm":"Rectangle Path 1","mn":"ADBE Vector Shape - Rect"},{"ty":"tr","p":{"a":0,"k":[61.807,-38.102],"ix":2},"a":{"a":0,"k":[0,0],"ix":1},"s":{"a":0,"k":[100,100],"ix":3},"r":{"a":0,"k":0,"ix":6},"o":{"a":0,"k":100,"ix":7},"sk":{"a":0,"k":0,"ix":4},"sa":{"a":0,"k":0,"ix":5},"nm":"Transform"}],"nm":"Rectangle 7","np":1,"cix":2,"ix":5,"mn":"ADBE Vector Group"},{"ty":"gf","o":{"a":1,"k":[{"i":{"x":[0.833],"y":[0.833]},"o":{"x":[0.167],"y":[0.167]},"n":["0p833_0p833_0p167_0p167"],"t":0,"s":[40],"e":[100]},{"i":{"x":[0.833],"y":[0.833]},"o":{"x":[0.167],"y":[0.167]},"n":["0p833_0p833_0p167_0p167"],"t":5,"s":[100],"e":[90]},{"i":{"x":[0.833],"y":[0.833]},"o":{"x":[0.167],"y":[0.167]},"n":["0p833_0p833_0p167_0p167"],"t":24,"s":[90],"e":[0]},{"t":32.0000013033867}]},"r":1,"g":{"p":3,"k":{"a":1,"k":[{"i":{"x":0.833,"y":0.833},"o":{"x":0.333,"y":0},"n":"0p833_0p833_0p333_0","t":0,"s":[0,0.486,0.486,0.486,0.5,0.743,0.743,0.743,1,1,1,1,0,0,0,0.405,0,0.81,0.001,0.405,0.001,0],"e":[0.087,0.643,0.643,0.643,0.544,0.78,0.78,0.78,1,0.917,0.917,0.917,0,0,0.041,0.413,0.083,0.826,0.114,0.413,0.146,0]},{"i":{"x":0.833,"y":0.833},"o":{"x":0.167,"y":0.167},"n":"0p833_0p833_0p167_0p167","t":5,"s":[0.087,0.643,0.643,0.643,0.544,0.78,0.78,0.78,1,0.917,0.917,0.917,0,0,0.041,0.413,0.083,0.826,0.114,0.413,0.146,0],"e":[0.972,1,1,1,0.986,0.5,0.5,0.5,1,0,0,0,0,0,0.5,0.5,0.998,1,0.999,1,1,1]},{"t":24.00000097754}]}},"s":{"a":0,"k":[-178,-174]},"e":{"a":0,"k":[894,0]},"t":1,"nm":"Gradient Fill 1","mn":"ADBE Vector Graphic - G-Fill"}],"ip":0,"op":50.0000020365418,"st":0,"bm":0},{"ddd":0,"ind":2,"ty":4,"nm":"Shape Layer 5","sr":1,"ks":{"o":{"a":0,"k":100},"r":{"a":0,"k":0},"p":{"a":0,"k":[178.625,50.069,0]},"a":{"a":0,"k":[0,0,0]},"s":{"a":0,"k":[100,100,100]}},"ao":0,"shapes":[{"ty":"gr","it":[{"ty":"rc","d":1,"s":{"a":0,"k":[120,99]},"p":{"a":0,"k":[0,0]},"r":{"a":0,"k":3},"nm":"Rectangle Path 1","mn":"ADBE Vector Shape - Rect"},{"ty":"mm","mm":2,"nm":"Merge Paths 1","mn":"ADBE Vector Filter - Merge"},{"ty":"fl","c":{"a":0,"k":[0.827451,0.8235294,0.827451,1]},"o":{"a":0,"k":100},"r":1,"nm":"Fill 1","mn":"ADBE Vector Graphic - Fill"},{"ty":"tr","p":{"a":0,"k":[-118.723,-0.373],"ix":2},"a":{"a":0,"k":[0,0],"ix":1},"s":{"a":0,"k":[100,100],"ix":3},"r":{"a":0,"k":0,"ix":6},"o":{"a":0,"k":100,"ix":7},"sk":{"a":0,"k":0,"ix":4},"sa":{"a":0,"k":0,"ix":5},"nm":"Transform"}],"nm":"Rectangle 1","np":3,"cix":2,"ix":1,"mn":"ADBE Vector Group"},{"ty":"gr","it":[{"ty":"rc","d":1,"s":{"a":0,"k":[211.359,8.016]},"p":{"a":0,"k":[0,0]},"r":{"a":0,"k":0},"nm":"Rectangle Path 1","mn":"ADBE Vector Shape - Rect"},{"ty":"st","c":{"a":0,"k":[1,1,1,1]},"o":{"a":0,"k":100},"w":{"a":0,"k":0},"lc":1,"lj":1,"ml":4,"nm":"Stroke 1","mn":"ADBE Vector Graphic - Stroke"},{"ty":"fl","c":{"a":0,"k":[0.827451,0.8235294,0.827451,1]},"o":{"a":0,"k":100},"r":1,"nm":"Fill 1","mn":"ADBE Vector Graphic - Fill"},{"ty":"tr","p":{"a":0,"k":[-43.264,-5.71],"ix":2},"a":{"a":0,"k":[-105.443,0.088],"ix":1},"s":{"a":0,"k":[84.645,100],"ix":3},"r":{"a":0,"k":0,"ix":6},"o":{"a":0,"k":100,"ix":7},"sk":{"a":0,"k":0,"ix":4},"sa":{"a":0,"k":0,"ix":5},"nm":"Transform"}],"nm":"Rectangle 6","np":3,"cix":2,"ix":2,"mn":"ADBE Vector Group"},{"ty":"gr","it":[{"ty":"rc","d":1,"s":{"a":0,"k":[211.359,8.016]},"p":{"a":0,"k":[0,0]},"r":{"a":0,"k":0},"nm":"Rectangle Path 1","mn":"ADBE Vector Shape - Rect"},{"ty":"st","c":{"a":0,"k":[1,1,1,1]},"o":{"a":0,"k":100},"w":{"a":0,"k":0},"lc":1,"lj":1,"ml":4,"nm":"Stroke 1","mn":"ADBE Vector Graphic - Stroke"},{"ty":"fl","c":{"a":0,"k":[0.827451,0.8235294,0.827451,1]},"o":{"a":0,"k":100},"r":1,"nm":"Fill 1","mn":"ADBE Vector Graphic - Fill"},{"ty":"tr","p":{"a":0,"k":[-43.264,-21.681],"ix":2},"a":{"a":0,"k":[-105.443,0.088],"ix":1},"s":{"a":0,"k":[84.645,100],"ix":3},"r":{"a":0,"k":0,"ix":6},"o":{"a":0,"k":100,"ix":7},"sk":{"a":0,"k":0,"ix":4},"sa":{"a":0,"k":0,"ix":5},"nm":"Transform"}],"nm":"Rectangle 4","np":3,"cix":2,"ix":3,"mn":"ADBE Vector Group"},{"ty":"gr","it":[{"ty":"rc","d":1,"s":{"a":0,"k":[211.359,8.016]},"p":{"a":0,"k":[0,0]},"r":{"a":0,"k":0},"nm":"Rectangle Path 1","mn":"ADBE Vector Shape - Rect"},{"ty":"st","c":{"a":0,"k":[1,1,1,1]},"o":{"a":0,"k":100},"w":{"a":0,"k":0},"lc":1,"lj":1,"ml":4,"nm":"Stroke 1","mn":"ADBE Vector Graphic - Stroke"},{"ty":"fl","c":{"a":0,"k":[0.827451,0.8235294,0.827451,1]},"o":{"a":0,"k":100},"r":1,"nm":"Fill 1","mn":"ADBE Vector Graphic - Fill"},{"ty":"tr","p":{"a":0,"k":[-43.453,9.792],"ix":2},"a":{"a":0,"k":[-105.633,0.252],"ix":1},"s":{"a":0,"k":[39.108,100],"ix":3},"r":{"a":0,"k":0,"ix":6},"o":{"a":0,"k":100,"ix":7},"sk":{"a":0,"k":0,"ix":4},"sa":{"a":0,"k":0,"ix":5},"nm":"Transform"}],"nm":"Rectangle 5","np":3,"cix":2,"ix":4,"mn":"ADBE Vector Group"},{"ty":"gr","it":[{"ty":"rc","d":1,"s":{"a":0,"k":[211.359,8.016]},"p":{"a":0,"k":[0,0]},"r":{"a":0,"k":0},"nm":"Rectangle Path 1","mn":"ADBE Vector Shape - Rect"},{"ty":"st","c":{"a":0,"k":[1,1,1,1]},"o":{"a":0,"k":100},"w":{"a":0,"k":0},"lc":1,"lj":1,"ml":4,"nm":"Stroke 1","mn":"ADBE Vector Graphic - Stroke"},{"ty":"fl","c":{"a":0,"k":[0.827451,0.8235294,0.827451,1]},"o":{"a":0,"k":100},"r":1,"nm":"Fill 1","mn":"ADBE Vector Graphic - Fill"},{"ty":"tr","p":{"a":0,"k":[62.18,-38.061],"ix":2},"a":{"a":0,"k":[0,0],"ix":1},"s":{"a":0,"k":[100,100],"ix":3},"r":{"a":0,"k":0,"ix":6},"o":{"a":0,"k":100,"ix":7},"sk":{"a":0,"k":0,"ix":4},"sa":{"a":0,"k":0,"ix":5},"nm":"Transform"}],"nm":"Rectangle 2","np":3,"cix":2,"ix":5,"mn":"ADBE Vector Group"}],"ip":0,"op":50.0000020365418,"st":0,"bm":0},{"ddd":0,"ind":3,"ty":4,"nm":"Shape Layer 1","sr":1,"ks":{"o":{"a":0,"k":100},"r":{"a":0,"k":0},"p":{"a":0,"k":[179.038,49.753,0]},"a":{"a":0,"k":[0,0,0]},"s":{"a":0,"k":[100,100,100]}},"ao":0,"sy":[{"ty":0,"nm":"Stroke","c":{"a":0,"k":[0.8980392,0.8980392,0.8980392,1]},"s":{"a":0,"k":1}}],"shapes":[{"ty":"gr","it":[{"ty":"rc","d":1,"s":{"a":0,"k":[359,100]},"p":{"a":0,"k":[0,0]},"r":{"a":0,"k":3},"nm":"Rectangle Path 1","mn":"ADBE Vector Shape - Rect"},{"ty":"fl","c":{"a":0,"k":[1,1,1,1]},"o":{"a":0,"k":100},"r":1,"nm":"Fill 1","mn":"ADBE Vector Graphic - Fill"},{"ty":"tr","p":{"a":0,"k":[0.365,0.437],"ix":2},"a":{"a":0,"k":[0,0],"ix":1},"s":{"a":0,"k":[100,100],"ix":3},"r":{"a":0,"k":0,"ix":6},"o":{"a":0,"k":100,"ix":7},"sk":{"a":0,"k":0,"ix":4},"sa":{"a":0,"k":0,"ix":5},"nm":"Transform"}],"nm":"Rectangle 1","np":2,"cix":2,"ix":1,"mn":"ADBE Vector Group"}],"ip":0,"op":50.0000020365418,"st":0,"bm":0}]}],"layers":[{"ddd":0,"ind":1,"ty":0,"nm":"itemlist_loading_skeleton","refId":"comp_0","sr":1,"ks":{"o":{"a":0,"k":100},"r":{"a":0,"k":0},"p":{"a":0,"k":[187.5,590,0]},"a":{"a":0,"k":[179.5,50,0]},"s":{"a":0,"k":[100,100,100]}},"ao":0,"w":359,"h":100,"ip":0,"op":50.0000020365418,"st":0,"bm":0},{"ddd":0,"ind":2,"ty":0,"nm":"itemlist_loading_skeleton","refId":"comp_0","sr":1,"ks":{"o":{"a":0,"k":100},"r":{"a":0,"k":0},"p":{"a":0,"k":[187.5,482,0]},"a":{"a":0,"k":[179.5,50,0]},"s":{"a":0,"k":[100,100,100]}},"ao":0,"w":359,"h":100,"ip":0,"op":50.0000020365418,"st":0,"bm":0},{"ddd":0,"ind":3,"ty":0,"nm":"itemlist_loading_skeleton","refId":"comp_0","sr":1,"ks":{"o":{"a":0,"k":100},"r":{"a":0,"k":0},"p":{"a":0,"k":[187.5,374,0]},"a":{"a":0,"k":[179.5,50,0]},"s":{"a":0,"k":[100,100,100]}},"ao":0,"w":359,"h":100,"ip":0,"op":50.0000020365418,"st":0,"bm":0},{"ddd":0,"ind":4,"ty":0,"nm":"itemlist_loading_skeleton","refId":"comp_0","sr":1,"ks":{"o":{"a":0,"k":100},"r":{"a":0,"k":0},"p":{"a":0,"k":[187.5,266,0]},"a":{"a":0,"k":[179.5,50,0]},"s":{"a":0,"k":[100,100,100]}},"ao":0,"w":359,"h":100,"ip":0,"op":50.0000020365418,"st":0,"bm":0},{"ddd":0,"ind":5,"ty":0,"nm":"itemlist_loading_skeleton","refId":"comp_0","sr":1,"ks":{"o":{"a":0,"k":100},"r":{"a":0,"k":0},"p":{"a":0,"k":[187.5,158,0]},"a":{"a":0,"k":[179.5,50,0]},"s":{"a":0,"k":[100,100,100]}},"ao":0,"w":359,"h":100,"ip":0,"op":50.0000020365418,"st":0,"bm":0},{"ddd":0,"ind":6,"ty":0,"nm":"itemlist_loading_skeleton","refId":"comp_0","sr":1,"ks":{"o":{"a":0,"k":100},"r":{"a":0,"k":0},"p":{"a":0,"k":[187.5,50,0]},"a":{"a":0,"k":[179.5,50,0]},"s":{"a":0,"k":[100,100,100]}},"ao":0,"w":359,"h":100,"ip":0,"op":50.0000020365418,"st":0,"bm":0}]}