{"v":"5.5.4","fr":30,"ip":0,"op":186,"w":1080,"h":1080,"nm":"Problem or Tasker Reported 01","ddd":0,"assets":[],"fonts":{"list":[{"fName":"KomikaAxis","fFamily":"Komika Axis","fStyle":"Regular","ascent":88.8332519680262}]},"layers":[{"ddd":0,"ind":1,"ty":3,"nm":"Character Null","sr":1,"ks":{"o":{"a":0,"k":0,"ix":11},"r":{"a":0,"k":0,"ix":10},"p":{"a":0,"k":[657.919,976.339,0],"ix":2},"a":{"a":0,"k":[50,50,0],"ix":1},"s":{"a":1,"k":[{"i":{"x":[0.1,0.1,0.1],"y":[1,1,1]},"o":{"x":[0.8,0.8,0.8],"y":[0,0,0]},"t":13,"s":[0,0,100]},{"t":43,"s":[100,100,100]}],"ix":6}},"ao":0,"ip":0,"op":300,"st":0,"bm":0},{"ddd":0,"ind":2,"ty":4,"nm":"Mouth","parent":3,"sr":1,"ks":{"o":{"a":0,"k":100,"ix":11},"r":{"a":0,"k":0,"ix":10},"p":{"a":0,"k":[5.839,-106.316,0],"ix":2},"a":{"a":0,"k":[5.839,-106.316,0],"ix":1},"s":{"a":0,"k":[100,100,100],"ix":6}},"ao":0,"shapes":[{"ty":"gr","it":[{"ind":0,"ty":"sh","ix":1,"ks":{"a":0,"k":{"i":[[0,0],[-5.71,-1.346]],"o":[[0,0],[0,0]],"v":[[-1.211,-104.994],[12.89,-107.343]],"c":false},"ix":2},"nm":"Path 1","mn":"ADBE Vector Shape - Group","hd":false},{"ty":"gs","o":{"a":0,"k":100,"ix":9},"w":{"a":0,"k":2,"ix":10},"g":{"p":3,"k":{"a":0,"k":[0,1,0.545,0,0.022,1,0.553,0.018,0.044,1,0.561,0.035],"ix":8}},"s":{"a":0,"k":[-3,-106],"ix":4},"e":{"a":0,"k":[13.101,-106],"ix":5},"t":1,"lc":2,"lj":2,"bm":0,"nm":"Gradient Stroke 1","mn":"ADBE Vector Graphic - G-Stroke","hd":false},{"ty":"tr","p":{"a":0,"k":[0,0],"ix":2},"a":{"a":0,"k":[0,0],"ix":1},"s":{"a":0,"k":[100,100],"ix":3},"r":{"a":0,"k":0,"ix":6},"o":{"a":0,"k":100,"ix":7},"sk":{"a":0,"k":0,"ix":4},"sa":{"a":0,"k":0,"ix":5},"nm":"Transform"}],"nm":"Group 1","np":2,"cix":2,"bm":0,"ix":1,"mn":"ADBE Vector Group","hd":false},{"ty":"tm","s":{"a":1,"k":[{"i":{"x":[0.5],"y":[1]},"o":{"x":[0.5],"y":[0]},"t":28,"s":[20]},{"t":48,"s":[0]}],"ix":1},"e":{"a":1,"k":[{"i":{"x":[0.5],"y":[1]},"o":{"x":[0.5],"y":[0]},"t":28,"s":[80]},{"t":48,"s":[100]}],"ix":2},"o":{"a":0,"k":0,"ix":3},"m":1,"ix":2,"nm":"Trim Paths 1","mn":"ADBE Vector Filter - Trim","hd":false}],"ip":0,"op":300,"st":0,"bm":0},{"ddd":0,"ind":3,"ty":4,"nm":"HEAD","parent":8,"sr":1,"ks":{"o":{"a":0,"k":100,"ix":11},"r":{"a":1,"k":[{"i":{"x":[0.2],"y":[1]},"o":{"x":[0.8],"y":[0]},"t":23,"s":[-14.03]},{"t":43,"s":[0]}],"ix":10},"p":{"a":0,"k":[12.89,-83.648,0],"ix":2},"a":{"a":0,"k":[12.89,-83.648,0],"ix":1},"s":{"a":0,"k":[100,100,100],"ix":6}},"ao":0,"shapes":[{"ty":"gr","it":[{"ind":0,"ty":"sh","ix":1,"ks":{"a":0,"k":{"i":[[0,0],[-3.21,-1.262],[-1.958,-1.712],[2.195,-6.227],[-0.957,-1.3],[-1.341,1.119],[-0.899,1.498],[-1.743,0.115],[0.001,0.025],[1.359,0.045]],"o":[[3.413,0.524],[2.408,0.947],[6.372,5.569],[-0.536,1.522],[1.035,1.407],[1.341,-1.119],[0.899,-1.498],[0,0],[-0.008,-0.207],[-2.751,-0.093]],"v":[[14.614,-143.246],[24.663,-140.525],[31.347,-136.681],[29.85,-112.941],[29.644,-108.308],[34.317,-108.275],[37.257,-112.576],[41.24,-115.654],[40.224,-143.926],[21.11,-144.568]],"c":true},"ix":2},"nm":"Path 1","mn":"ADBE Vector Shape - Group","hd":false},{"ty":"fl","c":{"a":0,"k":[1,0.266666680574,0.192156866193,1],"ix":4},"o":{"a":0,"k":100,"ix":5},"r":1,"bm":0,"nm":"Fill 1","mn":"ADBE Vector Graphic - Fill","hd":false},{"ty":"tr","p":{"a":0,"k":[0,0],"ix":2},"a":{"a":0,"k":[0,0],"ix":1},"s":{"a":0,"k":[100,100],"ix":3},"r":{"a":0,"k":0,"ix":6},"o":{"a":0,"k":100,"ix":7},"sk":{"a":0,"k":0,"ix":4},"sa":{"a":0,"k":0,"ix":5},"nm":"Transform"}],"nm":"Group 1","np":2,"cix":2,"bm":0,"ix":1,"mn":"ADBE Vector Group","hd":false},{"ty":"gr","it":[{"ind":0,"ty":"sh","ix":1,"ks":{"a":0,"k":{"i":[[33.967,2.344],[0,0],[0.001,-0.006],[0,0],[-0.009,-0.171],[0,0],[0,0],[-13.862,-2.564],[-2.37,14.038],[0,0],[0.001,0.008]],"o":[[-13.77,-0.205],[-0.002,0.006],[0,0],[0.001,0.166],[0,0],[0,0],[-2.347,13.9],[14.05,2.599],[0,0],[0.001,-0.008],[0,0]],"v":[[9.108,-143.862],[-9.99,-132.495],[-10.754,-128.422],[-11.364,-124.808],[-11.36,-124.308],[-11.43,-124.423],[-13.133,-114.34],[7.236,-84.079],[37.063,-104.932],[39.149,-117.285],[39.15,-117.311]],"c":true},"ix":2},"nm":"Path 1","mn":"ADBE Vector Shape - Group","hd":false},{"ty":"fl","c":{"a":0,"k":[1,1,1,1],"ix":4},"o":{"a":0,"k":100,"ix":5},"r":1,"bm":0,"nm":"Fill 1","mn":"ADBE Vector Graphic - Fill","hd":false},{"ty":"tr","p":{"a":0,"k":[0,0],"ix":2},"a":{"a":0,"k":[0,0],"ix":1},"s":{"a":0,"k":[100,100],"ix":3},"r":{"a":0,"k":0,"ix":6},"o":{"a":0,"k":100,"ix":7},"sk":{"a":0,"k":0,"ix":4},"sa":{"a":0,"k":0,"ix":5},"nm":"Transform"}],"nm":"Group 2","np":2,"cix":2,"bm":0,"ix":2,"mn":"ADBE Vector Group","hd":false},{"ty":"gr","it":[{"ind":0,"ty":"sh","ix":1,"ks":{"a":0,"k":{"i":[[0.545,-3.228],[-3.228,-0.545],[-0.545,3.229],[3.228,0.545]],"o":[[-0.545,3.229],[3.228,0.545],[0.545,-3.228],[-3.228,-0.545]],"v":[[34.407,-110.796],[39.265,-103.963],[46.099,-108.822],[41.24,-115.654]],"c":true},"ix":2},"nm":"Path 1","mn":"ADBE Vector Shape - Group","hd":false},{"ty":"fl","c":{"a":0,"k":[1,1,1,1],"ix":4},"o":{"a":0,"k":100,"ix":5},"r":1,"bm":0,"nm":"Fill 1","mn":"ADBE Vector Graphic - Fill","hd":false},{"ty":"tr","p":{"a":0,"k":[0,0],"ix":2},"a":{"a":0,"k":[0,0],"ix":1},"s":{"a":0,"k":[100,100],"ix":3},"r":{"a":0,"k":0,"ix":6},"o":{"a":0,"k":100,"ix":7},"sk":{"a":0,"k":0,"ix":4},"sa":{"a":0,"k":0,"ix":5},"nm":"Transform"}],"nm":"Group 3","np":2,"cix":2,"bm":0,"ix":3,"mn":"ADBE Vector Group","hd":false},{"ty":"gr","it":[{"ind":0,"ty":"sh","ix":1,"ks":{"a":0,"k":{"i":[[1.134,1.241],[1.2,1.926],[-0.207,4.479],[-3.54,2.757],[-1.665,0.429],[0.744,-0.632],[0.271,-4.051],[-6.054,-5.509],[0.023,-0.109]],"o":[[-1.491,-1.699],[-2.401,-3.723],[0.238,-4.38],[1.345,-1.075],[-0.818,0.378],[-3.408,2.834],[-0.564,8.555],[-0.024,0.109],[-1.323,-1.066]],"v":[[-16.017,-135.538],[-20.072,-140.974],[-23.908,-153.588],[-18.185,-165.32],[-13.609,-167.566],[-15.971,-166.103],[-20.963,-154.633],[-12.234,-132.439],[-12.294,-132.108]],"c":true},"ix":2},"nm":"Path 1","mn":"ADBE Vector Shape - Group","hd":false},{"ind":1,"ty":"sh","ix":2,"ks":{"a":0,"k":{"i":[[0.632,6.284],[3.934,4.753],[5.418,1.767],[2.728,-0.285],[3.217,1.435],[4.093,2.546],[1.096,0.367],[0,0],[4.076,-2.842],[1.137,-2.155],[0.209,-2.474],[-2.59,-4.188],[-3.914,-2.157],[0.051,-1.048],[-17.15,-0.834],[-5.554,10.666]],"o":[[-0.628,-6.247],[-3.638,-4.396],[-2.66,-0.867],[-3.377,0.353],[-4.537,-2.006],[-0.941,-0.582],[0,0],[-4.334,-1.828],[-2.047,1.374],[-1.117,2.154],[-0.417,4.929],[2.399,3.756],[-0.161,1.012],[-0.834,17.15],[12.009,0.584],[2.854,-5.481]],"v":[[48.991,-129.665],[42.112,-146.736],[28.122,-156.185],[20.217,-157.237],[10.167,-157.942],[-1.717,-166.419],[-4.8,-167.849],[-4.794,-167.862],[-18.85,-166.24],[-23.614,-160.724],[-25.729,-153.715],[-22.217,-139.611],[-12.609,-130.38],[-12.949,-127.295],[16.594,-94.733],[45.694,-111.439]],"c":true},"ix":2},"nm":"Path 2","mn":"ADBE Vector Shape - Group","hd":false},{"ty":"fl","c":{"a":0,"k":[1,0.266666680574,0.192156866193,1],"ix":4},"o":{"a":0,"k":100,"ix":5},"r":1,"bm":0,"nm":"Fill 1","mn":"ADBE Vector Graphic - Fill","hd":false},{"ty":"tr","p":{"a":0,"k":[0,0],"ix":2},"a":{"a":0,"k":[0,0],"ix":1},"s":{"a":0,"k":[100,100],"ix":3},"r":{"a":0,"k":0,"ix":6},"o":{"a":0,"k":100,"ix":7},"sk":{"a":0,"k":0,"ix":4},"sa":{"a":0,"k":0,"ix":5},"nm":"Transform"}],"nm":"Group 4","np":3,"cix":2,"bm":0,"ix":4,"mn":"ADBE Vector Group","hd":false}],"ip":0,"op":300,"st":0,"bm":0},{"ddd":0,"ind":4,"ty":4,"nm":"[R] Arm","parent":6,"sr":1,"ks":{"o":{"a":0,"k":100,"ix":11},"r":{"a":1,"k":[{"i":{"x":[0.35],"y":[1]},"o":{"x":[0.65],"y":[0]},"t":15,"s":[-147.977]},{"t":45,"s":[0]}],"ix":10},"p":{"a":0,"k":[-92.711,-24.586,0],"ix":2},"a":{"a":0,"k":[-92.711,-24.586,0],"ix":1},"s":{"a":0,"k":[100,100,100],"ix":6}},"ao":0,"shapes":[{"ty":"gr","it":[{"ind":0,"ty":"sh","ix":1,"ks":{"a":0,"k":{"i":[[5.886,2.647],[2.647,-5.886],[-5.886,-2.647],[-2.647,5.886]],"o":[[-5.886,-2.647],[-2.647,5.886],[5.886,2.647],[2.647,-5.886]],"v":[[-87.919,-35.243],[-103.369,-29.377],[-97.503,-13.928],[-82.053,-19.794]],"c":true},"ix":2},"nm":"Path 1","mn":"ADBE Vector Shape - Group","hd":false},{"ty":"gf","o":{"a":0,"k":100,"ix":10},"r":1,"bm":0,"g":{"p":3,"k":{"a":0,"k":[0.91,1,0.725,0.404,0.936,1,0.729,0.41,0.962,1,0.733,0.416],"ix":9}},"s":{"a":0,"k":[-105,-24],"ix":5},"e":{"a":0,"k":[-81.623,-24],"ix":6},"t":1,"nm":"Gradient Fill 1","mn":"ADBE Vector Graphic - G-Fill","hd":false},{"ty":"tr","p":{"a":0,"k":[0,0],"ix":2},"a":{"a":0,"k":[0,0],"ix":1},"s":{"a":0,"k":[100,100],"ix":3},"r":{"a":0,"k":0,"ix":6},"o":{"a":0,"k":100,"ix":7},"sk":{"a":0,"k":0,"ix":4},"sa":{"a":0,"k":0,"ix":5},"nm":"Transform"}],"nm":"Group 1","np":2,"cix":2,"bm":0,"ix":1,"mn":"ADBE Vector Group","hd":false},{"ty":"gr","it":[{"ind":0,"ty":"sh","ix":1,"ks":{"a":0,"k":{"i":[[0,0],[0,0],[0,0],[0,0]],"o":[[0,0],[0,0],[0,0],[0,0]],"v":[[-24.26,-95.129],[-30.358,-116.787],[-101.235,-32.429],[-81.072,-20.61]],"c":true},"ix":2},"nm":"Path 1","mn":"ADBE Vector Shape - Group","hd":false},{"ty":"gf","o":{"a":0,"k":100,"ix":10},"r":1,"bm":0,"g":{"p":3,"k":{"a":0,"k":[0.91,1,0.725,0.404,0.936,1,0.729,0.41,0.962,1,0.733,0.416],"ix":9}},"s":{"a":0,"k":[-102,-68],"ix":5},"e":{"a":0,"k":[-25.025,-68],"ix":6},"t":1,"nm":"Gradient Fill 1","mn":"ADBE Vector Graphic - G-Fill","hd":false},{"ty":"tr","p":{"a":0,"k":[0,0],"ix":2},"a":{"a":0,"k":[0,0],"ix":1},"s":{"a":0,"k":[100,100],"ix":3},"r":{"a":0,"k":0,"ix":6},"o":{"a":0,"k":100,"ix":7},"sk":{"a":0,"k":0,"ix":4},"sa":{"a":0,"k":0,"ix":5},"nm":"Transform"}],"nm":"Group 2","np":2,"cix":2,"bm":0,"ix":2,"mn":"ADBE Vector Group","hd":false}],"ip":0,"op":300,"st":0,"bm":0},{"ddd":0,"ind":5,"ty":4,"nm":"[R] Hand","parent":4,"sr":1,"ks":{"o":{"a":0,"k":100,"ix":11},"r":{"a":1,"k":[{"i":{"x":[0.35],"y":[1]},"o":{"x":[0.65],"y":[0]},"t":15,"s":[-16.247]},{"t":45,"s":[0]}],"ix":10},"p":{"a":0,"k":[-33.768,-101.962,0],"ix":2},"a":{"a":0,"k":[-33.768,-101.962,0],"ix":1},"s":{"a":0,"k":[100,100,100],"ix":6}},"ao":0,"shapes":[{"ty":"gr","it":[{"ind":0,"ty":"sh","ix":1,"ks":{"a":0,"k":{"i":[[0,0],[0,0],[-1.586,-1.203],[0,0],[-1.203,1.586],[0,0]],"o":[[0,0],[-1.203,1.586],[0,0],[1.586,1.204],[0,0],[0,0]],"v":[[-22.157,-126.534],[-27.751,-119.161],[-27.058,-114.111],[-13.099,-103.518],[-8.048,-104.211],[-2.454,-111.585]],"c":true},"ix":2},"nm":"Path 1","mn":"ADBE Vector Shape - Group","hd":false},{"ty":"fl","c":{"a":0,"k":[1,1,1,1],"ix":4},"o":{"a":0,"k":100,"ix":5},"r":1,"bm":0,"nm":"Fill 1","mn":"ADBE Vector Graphic - Fill","hd":false},{"ty":"tr","p":{"a":0,"k":[0,0],"ix":2},"a":{"a":0,"k":[0,0],"ix":1},"s":{"a":0,"k":[100,100],"ix":3},"r":{"a":0,"k":0,"ix":6},"o":{"a":0,"k":100,"ix":7},"sk":{"a":0,"k":0,"ix":4},"sa":{"a":0,"k":0,"ix":5},"nm":"Transform"}],"nm":"Group 1","np":2,"cix":2,"bm":0,"ix":1,"mn":"ADBE Vector Group","hd":false},{"ty":"gr","it":[{"ind":0,"ty":"sh","ix":1,"ks":{"a":0,"k":{"i":[[0,0],[0,0],[0,0],[1.691,1.583],[-2.924,4.175],[0,0]],"o":[[0,0],[0,0],[-2.309,-0.185],[-3.721,-3.483],[0,0],[0,0]],"v":[[-2.454,-111.585],[-4.281,-100.392],[-16.243,-101.673],[-22.422,-104.404],[-23.812,-117.752],[-20.401,-122.622]],"c":true},"ix":2},"nm":"Path 1","mn":"ADBE Vector Shape - Group","hd":false},{"ty":"fl","c":{"a":0,"k":[0.909803926945,0.403921574354,0.403921574354,1],"ix":4},"o":{"a":0,"k":100,"ix":5},"r":1,"bm":0,"nm":"Fill 1","mn":"ADBE Vector Graphic - Fill","hd":false},{"ty":"tr","p":{"a":0,"k":[0,0],"ix":2},"a":{"a":0,"k":[0,0],"ix":1},"s":{"a":0,"k":[100,100],"ix":3},"r":{"a":0,"k":0,"ix":6},"o":{"a":0,"k":22,"ix":7},"sk":{"a":0,"k":0,"ix":4},"sa":{"a":0,"k":0,"ix":5},"nm":"Transform"}],"nm":"Group 2","np":2,"cix":2,"bm":0,"ix":2,"mn":"ADBE Vector Group","hd":false},{"ty":"gr","it":[{"ind":0,"ty":"sh","ix":1,"ks":{"a":0,"k":{"i":[[2.681,-0.44],[0,0],[0,0],[0,0],[0,0],[0.001,-0.006]],"o":[[-2.167,0.357],[0,0],[0,0],[0,0],[0,0],[-0.48,3.039]],"v":[[-10.066,-94.556],[-30.615,-93.389],[-33.768,-111.378],[-23.1,-124.291],[-2.454,-111.585],[-4.476,-98.781]],"c":true},"ix":2},"nm":"Path 1","mn":"ADBE Vector Shape - Group","hd":false},{"ty":"fl","c":{"a":0,"k":[1,1,1,1],"ix":4},"o":{"a":0,"k":100,"ix":5},"r":1,"bm":0,"nm":"Fill 1","mn":"ADBE Vector Graphic - Fill","hd":false},{"ty":"tr","p":{"a":0,"k":[0,0],"ix":2},"a":{"a":0,"k":[0,0],"ix":1},"s":{"a":0,"k":[100,100],"ix":3},"r":{"a":0,"k":0,"ix":6},"o":{"a":0,"k":100,"ix":7},"sk":{"a":0,"k":0,"ix":4},"sa":{"a":0,"k":0,"ix":5},"nm":"Transform"}],"nm":"Group 3","np":2,"cix":2,"bm":0,"ix":3,"mn":"ADBE Vector Group","hd":false}],"ip":0,"op":300,"st":0,"bm":0},{"ddd":0,"ind":6,"ty":4,"nm":"[R] Shoulder","parent":7,"sr":1,"ks":{"o":{"a":0,"k":100,"ix":11},"r":{"a":1,"k":[{"i":{"x":[0.35],"y":[1]},"o":{"x":[0.65],"y":[0]},"t":15,"s":[-49.481]},{"t":45,"s":[0]}],"ix":10},"p":{"a":0,"k":[-25.87,-48.613,0],"ix":2},"a":{"a":0,"k":[-25.87,-48.613,0],"ix":1},"s":{"a":0,"k":[100,100,100],"ix":6}},"ao":0,"shapes":[{"ty":"gr","it":[{"ind":0,"ty":"sh","ix":1,"ks":{"a":0,"k":{"i":[[5.886,2.647],[2.647,-5.886],[-5.886,-2.647],[-2.647,5.886]],"o":[[-5.886,-2.647],[-2.647,5.886],[5.886,2.647],[2.647,-5.886]],"v":[[-87.919,-35.243],[-103.369,-29.377],[-97.503,-13.928],[-82.053,-19.794]],"c":true},"ix":2},"nm":"Path 1","mn":"ADBE Vector Shape - Group","hd":false},{"ty":"gf","o":{"a":0,"k":100,"ix":10},"r":1,"bm":0,"g":{"p":3,"k":{"a":0,"k":[0.91,1,0.725,0.404,0.936,1,0.729,0.41,0.962,1,0.733,0.416],"ix":9}},"s":{"a":0,"k":[-105,-24],"ix":5},"e":{"a":0,"k":[-81.623,-24],"ix":6},"t":1,"nm":"Gradient Fill 1","mn":"ADBE Vector Graphic - G-Fill","hd":false},{"ty":"tr","p":{"a":0,"k":[0,0],"ix":2},"a":{"a":0,"k":[0,0],"ix":1},"s":{"a":0,"k":[100,100],"ix":3},"r":{"a":0,"k":0,"ix":6},"o":{"a":0,"k":100,"ix":7},"sk":{"a":0,"k":0,"ix":4},"sa":{"a":0,"k":0,"ix":5},"nm":"Transform"}],"nm":"Group 1","np":2,"cix":2,"bm":0,"ix":1,"mn":"ADBE Vector Group","hd":false},{"ty":"gr","it":[{"ind":0,"ty":"sh","ix":1,"ks":{"a":0,"k":{"i":[[0,0],[0,0],[0,0],[3.492,8.457],[0,0],[7.877,-4.655]],"o":[[0,0],[0,0],[8.867,-2.258],[0,0],[-3.492,-8.457],[0,0]],"v":[[-100.85,-34.528],[-89.016,-13.497],[-16.668,-29.75],[-6.484,-62.029],[-6.484,-62.029],[-28.027,-69.232]],"c":true},"ix":2},"nm":"Path 1","mn":"ADBE Vector Shape - Group","hd":false},{"ty":"gf","o":{"a":0,"k":100,"ix":10},"r":1,"bm":0,"g":{"p":3,"k":{"a":0,"k":[0.91,1,0.725,0.404,0.936,1,0.729,0.41,0.962,1,0.733,0.416],"ix":9}},"s":{"a":0,"k":[-101,-42],"ix":5},"e":{"a":0,"k":[-5.489,-42],"ix":6},"t":1,"nm":"Gradient Fill 1","mn":"ADBE Vector Graphic - G-Fill","hd":false},{"ty":"tr","p":{"a":0,"k":[0,0],"ix":2},"a":{"a":0,"k":[0,0],"ix":1},"s":{"a":0,"k":[100,100],"ix":3},"r":{"a":0,"k":0,"ix":6},"o":{"a":0,"k":100,"ix":7},"sk":{"a":0,"k":0,"ix":4},"sa":{"a":0,"k":0,"ix":5},"nm":"Transform"}],"nm":"Group 2","np":2,"cix":2,"bm":0,"ix":2,"mn":"ADBE Vector Group","hd":false}],"ip":0,"op":300,"st":0,"bm":0},{"ddd":0,"ind":7,"ty":4,"nm":"BODY","parent":1,"sr":1,"ks":{"o":{"a":0,"k":100,"ix":11},"r":{"a":0,"k":0,"ix":10},"p":{"a":0,"k":[-65.168,-290.148,0],"ix":2},"a":{"a":0,"k":[2.751,96.191,0],"ix":1},"s":{"a":0,"k":[100,100,100],"ix":6}},"ao":0,"shapes":[{"ty":"gr","it":[{"ind":0,"ty":"sh","ix":1,"ks":{"a":0,"k":{"i":[[0,0],[0,0],[7.513,1.018],[0,0],[0.176,-7.579],[0,0]],"o":[[0,0],[1.848,-7.353],[0,0],[-7.513,-1.018],[0,0],[0,0]],"v":[[48.679,84.6],[56.556,-53.141],[45.935,-68.838],[-18.6,-71.174],[-33.018,-58.873],[-46.221,108.549]],"c":true},"ix":2},"nm":"Path 1","mn":"ADBE Vector Shape - Group","hd":false},{"ty":"gf","o":{"a":0,"k":100,"ix":10},"r":1,"bm":0,"g":{"p":3,"k":{"a":0,"k":[0.91,1,0.725,0.404,0.936,1,0.729,0.41,0.962,1,0.733,0.416],"ix":9}},"s":{"a":0,"k":[-47,19],"ix":5},"e":{"a":0,"k":[56.164,19],"ix":6},"t":1,"nm":"Gradient Fill 1","mn":"ADBE Vector Graphic - G-Fill","hd":false},{"ty":"tr","p":{"a":0,"k":[0,0],"ix":2},"a":{"a":0,"k":[0,0],"ix":1},"s":{"a":0,"k":[100,100],"ix":3},"r":{"a":0,"k":0,"ix":6},"o":{"a":0,"k":100,"ix":7},"sk":{"a":0,"k":0,"ix":4},"sa":{"a":0,"k":0,"ix":5},"nm":"Transform"}],"nm":"Group 1","np":2,"cix":2,"bm":0,"ix":1,"mn":"ADBE Vector Group","hd":false}],"ip":0,"op":300,"st":0,"bm":0},{"ddd":0,"ind":8,"ty":4,"nm":"Neck","parent":7,"sr":1,"ks":{"o":{"a":0,"k":100,"ix":11},"r":{"a":0,"k":0,"ix":10},"p":{"a":0,"k":[14.405,-54.761,0],"ix":2},"a":{"a":0,"k":[14.405,-54.761,0],"ix":1},"s":{"a":0,"k":[100,100,100],"ix":6}},"ao":0,"shapes":[{"ty":"gr","it":[{"ind":0,"ty":"sh","ix":1,"ks":{"a":0,"k":{"i":[[0,0],[0,0],[0,0],[0,0]],"o":[[0,0],[0,0],[0,0],[0,0]],"v":[[-0.32,-56.96],[25.644,-54.761],[29.129,-95.916],[3.165,-98.115]],"c":true},"ix":2},"nm":"Path 1","mn":"ADBE Vector Shape - Group","hd":false},{"ty":"fl","c":{"a":0,"k":[1,1,1,1],"ix":4},"o":{"a":0,"k":100,"ix":5},"r":1,"bm":0,"nm":"Fill 1","mn":"ADBE Vector Graphic - Fill","hd":false},{"ty":"tr","p":{"a":0,"k":[0,0],"ix":2},"a":{"a":0,"k":[0,0],"ix":1},"s":{"a":0,"k":[100,100],"ix":3},"r":{"a":0,"k":0,"ix":6},"o":{"a":0,"k":100,"ix":7},"sk":{"a":0,"k":0,"ix":4},"sa":{"a":0,"k":0,"ix":5},"nm":"Transform"}],"nm":"Group 1","np":2,"cix":2,"bm":0,"ix":1,"mn":"ADBE Vector Group","hd":false}],"ip":0,"op":300,"st":0,"bm":0},{"ddd":0,"ind":9,"ty":4,"nm":"[L] Shoulder","parent":7,"sr":1,"ks":{"o":{"a":0,"k":100,"ix":11},"r":{"a":1,"k":[{"i":{"x":[0.35],"y":[1]},"o":{"x":[0.65],"y":[0]},"t":15,"s":[31.773]},{"t":45,"s":[0]}],"ix":10},"p":{"a":0,"k":[49.66,-45.703,0],"ix":2},"a":{"a":0,"k":[49.66,-45.703,0],"ix":1},"s":{"a":0,"k":[100,100,100],"ix":6}},"ao":0,"shapes":[{"ty":"gr","it":[{"ind":0,"ty":"sh","ix":1,"ks":{"a":0,"k":{"i":[[0,0],[0,0],[0,0],[6.527,-6.412],[0,0],[-7.272,-5.553]],"o":[[0,0],[0,0],[-5.422,-7.37],[0,0],[-6.527,6.411],[0,0]],"v":[[103.304,31.849],[121.438,12.524],[58.132,-62.526],[35.49,-64.342],[35.49,-64.342],[36.875,-29.697]],"c":true},"ix":2},"nm":"Path 1","mn":"ADBE Vector Shape - Group","hd":false},{"ty":"gf","o":{"a":0,"k":100,"ix":10},"r":1,"bm":0,"g":{"p":3,"k":{"a":0,"k":[0.91,1,0.725,0.404,0.936,1,0.729,0.41,0.962,1,0.733,0.416],"ix":9}},"s":{"a":0,"k":[30,-18],"ix":5},"e":{"a":0,"k":[120.459,-18],"ix":6},"t":1,"nm":"Gradient Fill 1","mn":"ADBE Vector Graphic - G-Fill","hd":false},{"ty":"tr","p":{"a":0,"k":[0,0],"ix":2},"a":{"a":0,"k":[0,0],"ix":1},"s":{"a":0,"k":[100,100],"ix":3},"r":{"a":0,"k":0,"ix":6},"o":{"a":0,"k":100,"ix":7},"sk":{"a":0,"k":0,"ix":4},"sa":{"a":0,"k":0,"ix":5},"nm":"Transform"}],"nm":"Group 1","np":2,"cix":2,"bm":0,"ix":1,"mn":"ADBE Vector Group","hd":false},{"ty":"gr","it":[{"ind":0,"ty":"sh","ix":1,"ks":{"a":0,"k":{"i":[[-3.127,-6.714],[-6.713,3.127],[3.127,6.713],[6.713,-3.127]],"o":[[3.126,6.713],[6.713,-3.126],[-3.126,-6.713],[-6.713,3.126]],"v":[[98.772,26.493],[116.589,32.987],[123.083,15.171],[105.266,8.677]],"c":true},"ix":2},"nm":"Path 1","mn":"ADBE Vector Shape - Group","hd":false},{"ty":"gf","o":{"a":0,"k":100,"ix":10},"r":1,"bm":0,"g":{"p":3,"k":{"a":0,"k":[0.91,1,0.725,0.404,0.936,1,0.729,0.41,0.962,1,0.733,0.416],"ix":9}},"s":{"a":0,"k":[97,21],"ix":5},"e":{"a":0,"k":[123.824,21],"ix":6},"t":1,"nm":"Gradient Fill 1","mn":"ADBE Vector Graphic - G-Fill","hd":false},{"ty":"tr","p":{"a":0,"k":[0,0],"ix":2},"a":{"a":0,"k":[0,0],"ix":1},"s":{"a":0,"k":[100,100],"ix":3},"r":{"a":0,"k":0,"ix":6},"o":{"a":0,"k":100,"ix":7},"sk":{"a":0,"k":0,"ix":4},"sa":{"a":0,"k":0,"ix":5},"nm":"Transform"}],"nm":"Group 2","np":2,"cix":2,"bm":0,"ix":2,"mn":"ADBE Vector Group","hd":false}],"ip":0,"op":300,"st":0,"bm":0},{"ddd":0,"ind":10,"ty":4,"nm":"[L] Arm","parent":9,"sr":1,"ks":{"o":{"a":0,"k":100,"ix":11},"r":{"a":1,"k":[{"i":{"x":[0.35],"y":[1]},"o":{"x":[0.65],"y":[0]},"t":15,"s":[-66.937]},{"t":45,"s":[0]}],"ix":10},"p":{"a":0,"k":[110.925,20.024,0],"ix":2},"a":{"a":0,"k":[110.925,20.024,0],"ix":1},"s":{"a":0,"k":[100,100,100],"ix":6}},"ao":0,"shapes":[{"ty":"gr","it":[{"ind":0,"ty":"sh","ix":1,"ks":{"a":0,"k":{"i":[[-3.127,-6.714],[-6.713,3.127],[3.127,6.713],[6.713,-3.127]],"o":[[3.126,6.713],[6.713,-3.126],[-3.126,-6.713],[-6.713,3.126]],"v":[[98.772,26.493],[116.589,32.987],[123.083,15.171],[105.266,8.677]],"c":true},"ix":2},"nm":"Path 1","mn":"ADBE Vector Shape - Group","hd":false},{"ty":"gf","o":{"a":0,"k":100,"ix":10},"r":1,"bm":0,"g":{"p":3,"k":{"a":0,"k":[0.91,1,0.725,0.404,0.936,1,0.729,0.41,0.962,1,0.733,0.416],"ix":9}},"s":{"a":0,"k":[97,21],"ix":5},"e":{"a":0,"k":[123.824,21],"ix":6},"t":1,"nm":"Gradient Fill 1","mn":"ADBE Vector Graphic - G-Fill","hd":false},{"ty":"tr","p":{"a":0,"k":[0,0],"ix":2},"a":{"a":0,"k":[0,0],"ix":1},"s":{"a":0,"k":[100,100],"ix":3},"r":{"a":0,"k":0,"ix":6},"o":{"a":0,"k":100,"ix":7},"sk":{"a":0,"k":0,"ix":4},"sa":{"a":0,"k":0,"ix":5},"nm":"Transform"}],"nm":"Group 1","np":2,"cix":2,"bm":0,"ix":1,"mn":"ADBE Vector Group","hd":false},{"ty":"gr","it":[{"ind":0,"ty":"sh","ix":1,"ks":{"a":0,"k":{"i":[[0,0],[0,0],[22.048,-0.457],[0,0],[0,0]],"o":[[0,0],[0,0],[-5.202,2.418],[0,0],[0,0]],"v":[[62.753,90.627],[121.438,29.141],[105.202,8.457],[90.515,21.948],[55.511,76.29]],"c":true},"ix":2},"nm":"Path 1","mn":"ADBE Vector Shape - Group","hd":false},{"ty":"gf","o":{"a":0,"k":100,"ix":10},"r":1,"bm":0,"g":{"p":3,"k":{"a":0,"k":[0.91,1,0.725,0.404,0.936,1,0.729,0.41,0.962,1,0.733,0.416],"ix":9}},"s":{"a":0,"k":[55,57],"ix":5},"e":{"a":0,"k":[120.927,57],"ix":6},"t":1,"nm":"Gradient Fill 1","mn":"ADBE Vector Graphic - G-Fill","hd":false},{"ty":"tr","p":{"a":0,"k":[0,0],"ix":2},"a":{"a":0,"k":[0,0],"ix":1},"s":{"a":0,"k":[100,100],"ix":3},"r":{"a":0,"k":0,"ix":6},"o":{"a":0,"k":100,"ix":7},"sk":{"a":0,"k":0,"ix":4},"sa":{"a":0,"k":0,"ix":5},"nm":"Transform"}],"nm":"Group 2","np":2,"cix":2,"bm":0,"ix":2,"mn":"ADBE Vector Group","hd":false}],"ip":0,"op":300,"st":0,"bm":0},{"ddd":0,"ind":11,"ty":4,"nm":"[L] Hand","parent":10,"sr":1,"ks":{"o":{"a":0,"k":100,"ix":11},"r":{"a":1,"k":[{"i":{"x":[0.35],"y":[1]},"o":{"x":[0.65],"y":[0]},"t":15,"s":[23.529]},{"t":45,"s":[0]}],"ix":10},"p":{"a":0,"k":[59.931,82.479,0],"ix":2},"a":{"a":0,"k":[599.931,622.479,0],"ix":1},"s":{"a":0,"k":[100,100,100],"ix":6}},"ao":0,"shapes":[{"ty":"gr","it":[{"ty":"gr","it":[{"ind":0,"ty":"sh","ix":1,"ks":{"a":0,"k":{"i":[[-3.615,-5.445],[0,0],[0,0],[0,0],[0,0]],"o":[[0,0],[0,0],[0,0],[0,0],[-5.445,3.615]],"v":[[48.477,95.166],[57.597,108.575],[74.859,105.026],[55.511,76.29],[51.79,78.761]],"c":true},"ix":2},"nm":"Path 1","mn":"ADBE Vector Shape - Group","hd":false},{"ty":"fl","c":{"a":0,"k":[1,1,1,1],"ix":4},"o":{"a":0,"k":100,"ix":5},"r":1,"bm":0,"nm":"Fill 1","mn":"ADBE Vector Graphic - Fill","hd":false},{"ty":"tr","p":{"a":0,"k":[0,0],"ix":2},"a":{"a":0,"k":[0,0],"ix":1},"s":{"a":0,"k":[100,100],"ix":3},"r":{"a":0,"k":0,"ix":6},"o":{"a":0,"k":100,"ix":7},"sk":{"a":0,"k":0,"ix":4},"sa":{"a":0,"k":0,"ix":5},"nm":"Transform"}],"nm":"Group 1","np":2,"cix":2,"bm":0,"ix":1,"mn":"ADBE Vector Group","hd":false},{"ty":"tr","p":{"a":0,"k":[600.68,632.432],"ix":2},"a":{"a":0,"k":[60.68,92.432],"ix":1},"s":{"a":0,"k":[100,100],"ix":3},"r":{"a":0,"k":0,"ix":6},"o":{"a":0,"k":100,"ix":7},"sk":{"a":0,"k":0,"ix":4},"sa":{"a":0,"k":0,"ix":5},"nm":"Transform"}],"nm":"Layer 16","np":1,"cix":2,"bm":0,"ix":1,"mn":"ADBE Vector Group","hd":false},{"ty":"gr","it":[{"ty":"gr","it":[{"ind":0,"ty":"sh","ix":1,"ks":{"a":0,"k":{"i":[[0,0],[0,0],[0,0],[-0.309,-2.774],[0,0],[3.238,-0.361]],"o":[[0,0],[0,0],[3.238,-0.361],[0,0],[0.309,2.774],[0,0]],"v":[[57.597,108.575],[62.804,95.048],[80.411,93.61],[86.833,97.979],[86.833,97.979],[81.531,103.655]],"c":true},"ix":2},"nm":"Path 1","mn":"ADBE Vector Shape - Group","hd":false},{"ty":"fl","c":{"a":0,"k":[0.909803926945,0.403921574354,0.403921574354,1],"ix":4},"o":{"a":0,"k":100,"ix":5},"r":1,"bm":0,"nm":"Fill 1","mn":"ADBE Vector Graphic - Fill","hd":false},{"ty":"tr","p":{"a":0,"k":[0,0],"ix":2},"a":{"a":0,"k":[0,0],"ix":1},"s":{"a":0,"k":[100,100],"ix":3},"r":{"a":0,"k":0,"ix":6},"o":{"a":0,"k":100,"ix":7},"sk":{"a":0,"k":0,"ix":4},"sa":{"a":0,"k":0,"ix":5},"nm":"Transform"}],"nm":"Group 1","np":2,"cix":2,"bm":0,"ix":1,"mn":"ADBE Vector Group","hd":false},{"ty":"tr","p":{"a":0,"k":[612.229,641.071],"ix":2},"a":{"a":0,"k":[72.228,101.071],"ix":1},"s":{"a":0,"k":[100,100],"ix":3},"r":{"a":0,"k":0,"ix":6},"o":{"a":0,"k":22,"ix":7},"sk":{"a":0,"k":0,"ix":4},"sa":{"a":0,"k":0,"ix":5},"nm":"Transform"}],"nm":"Layer 18","np":1,"cix":2,"bm":0,"ix":2,"mn":"ADBE Vector Group","hd":false}],"ip":0,"op":300,"st":0,"bm":0},{"ddd":0,"ind":12,"ty":4,"nm":"[R] Leg","parent":1,"sr":1,"ks":{"o":{"a":0,"k":100,"ix":11},"r":{"a":0,"k":0,"ix":10},"p":{"a":0,"k":[-90.114,-261.884,0],"ix":2},"a":{"a":0,"k":[-22.194,124.455,0],"ix":1},"s":{"a":0,"k":[100,100,100],"ix":6}},"ao":0,"shapes":[{"ty":"gr","it":[{"ind":0,"ty":"sh","ix":1,"ks":{"a":0,"k":{"i":[[0,0],[0,0],[0,0],[0,0],[0,0],[0,0]],"o":[[0,0],[0,0],[0,0],[0,0],[0,0],[0,0]],"v":[[-13.044,84.6],[1.832,130.936],[-4.784,418.309],[-31.301,418.309],[-46.221,108.549],[-44.187,84.6]],"c":true},"ix":2},"nm":"Path 1","mn":"ADBE Vector Shape - Group","hd":false},{"ty":"gf","o":{"a":0,"k":100,"ix":10},"r":1,"bm":0,"g":{"p":3,"k":{"a":0,"k":[0,1,0.267,0.192,0.495,1,0.31,0.241,0.99,1,0.353,0.29],"ix":9}},"s":{"a":0,"k":[-47,252],"ix":5},"e":{"a":0,"k":[1.052,252],"ix":6},"t":1,"nm":"Gradient Fill 1","mn":"ADBE Vector Graphic - G-Fill","hd":false},{"ty":"tr","p":{"a":0,"k":[0,0],"ix":2},"a":{"a":0,"k":[0,0],"ix":1},"s":{"a":0,"k":[100,100],"ix":3},"r":{"a":0,"k":0,"ix":6},"o":{"a":0,"k":100,"ix":7},"sk":{"a":0,"k":0,"ix":4},"sa":{"a":0,"k":0,"ix":5},"nm":"Transform"}],"nm":"Group 1","np":2,"cix":2,"bm":0,"ix":1,"mn":"ADBE Vector Group","hd":false}],"ip":0,"op":300,"st":0,"bm":0},{"ddd":0,"ind":13,"ty":4,"nm":"[R] Foot","parent":12,"sr":1,"ks":{"o":{"a":0,"k":100,"ix":11},"r":{"a":0,"k":0,"ix":10},"p":{"a":0,"k":[-17.327,411.124,0],"ix":2},"a":{"a":0,"k":[-17.327,411.124,0],"ix":1},"s":{"a":0,"k":[100,100,100],"ix":6}},"ao":0,"shapes":[{"ty":"gr","it":[{"ind":0,"ty":"sh","ix":1,"ks":{"a":0,"k":{"i":[[0,0],[0,0],[0,0],[0,0],[0,0],[0,0]],"o":[[0,0],[0,0],[0,0],[0,0],[0,0],[0,0]],"v":[[-23.667,423.394],[-16.93,425.471],[-10.675,423.394],[-5.062,436.266],[-57.11,436.266],[-37.543,429.83]],"c":true},"ix":2},"nm":"Path 1","mn":"ADBE Vector Shape - Group","hd":false},{"ty":"gf","o":{"a":0,"k":100,"ix":10},"r":1,"bm":0,"g":{"p":3,"k":{"a":0,"k":[0,1,0.545,0,0.022,1,0.553,0.018,0.044,1,0.561,0.035],"ix":9}},"s":{"a":0,"k":[-58,430],"ix":5},"e":{"a":0,"k":[-5.951,430],"ix":6},"t":1,"nm":"Gradient Fill 1","mn":"ADBE Vector Graphic - G-Fill","hd":false},{"ty":"tr","p":{"a":0,"k":[0,0],"ix":2},"a":{"a":0,"k":[0,0],"ix":1},"s":{"a":0,"k":[100,100],"ix":3},"r":{"a":0,"k":0,"ix":6},"o":{"a":0,"k":100,"ix":7},"sk":{"a":0,"k":0,"ix":4},"sa":{"a":0,"k":0,"ix":5},"nm":"Transform"}],"nm":"Group 1","np":2,"cix":2,"bm":0,"ix":1,"mn":"ADBE Vector Group","hd":false},{"ty":"gr","it":[{"ty":"rc","d":1,"s":{"a":0,"k":[12.872,15.863],"ix":2},"p":{"a":0,"k":[-17.327,419.056],"ix":3},"r":{"a":0,"k":0,"ix":4},"nm":"Rectangle Path 1","mn":"ADBE Vector Shape - Rect","hd":false},{"ty":"fl","c":{"a":0,"k":[1,1,1,1],"ix":4},"o":{"a":0,"k":100,"ix":5},"r":1,"bm":0,"nm":"Fill 1","mn":"ADBE Vector Graphic - Fill","hd":false},{"ty":"tr","p":{"a":0,"k":[0,0],"ix":2},"a":{"a":0,"k":[0,0],"ix":1},"s":{"a":0,"k":[100,100],"ix":3},"r":{"a":0,"k":0,"ix":6},"o":{"a":0,"k":100,"ix":7},"sk":{"a":0,"k":0,"ix":4},"sa":{"a":0,"k":0,"ix":5},"nm":"Transform"}],"nm":"Group 2","np":2,"cix":2,"bm":0,"ix":2,"mn":"ADBE Vector Group","hd":false}],"ip":0,"op":300,"st":0,"bm":0},{"ddd":0,"ind":14,"ty":4,"nm":"[L] Leg","parent":1,"sr":1,"ks":{"o":{"a":0,"k":100,"ix":11},"r":{"a":0,"k":0,"ix":10},"p":{"a":0,"k":[-36.361,-264.789,0],"ix":2},"a":{"a":0,"k":[31.558,121.549,0],"ix":1},"s":{"a":0,"k":[100,100,100],"ix":6}},"ao":0,"shapes":[{"ty":"gr","it":[{"ind":0,"ty":"sh","ix":1,"ks":{"a":0,"k":{"i":[[0,0],[0,0],[0,0],[0,0],[0,0],[0,0],[0,0]],"o":[[0,0],[0,0],[0,0],[0,0],[0,0],[0,0],[0,0]],"v":[[-13.044,84.6],[1.472,141.502],[11.922,141.502],[105.434,418.309],[127.16,418.309],[61.324,122.159],[48.679,84.6]],"c":true},"ix":2},"nm":"Path 1","mn":"ADBE Vector Shape - Group","hd":false},{"ty":"gf","o":{"a":0,"k":100,"ix":10},"r":1,"bm":0,"g":{"p":3,"k":{"a":0,"k":[0,1,0.267,0.192,0.495,1,0.31,0.241,0.99,1,0.353,0.29],"ix":9}},"s":{"a":0,"k":[-14,252],"ix":5},"e":{"a":0,"k":[126.204,252],"ix":6},"t":1,"nm":"Gradient Fill 1","mn":"ADBE Vector Graphic - G-Fill","hd":false},{"ty":"tr","p":{"a":0,"k":[0,0],"ix":2},"a":{"a":0,"k":[0,0],"ix":1},"s":{"a":0,"k":[100,100],"ix":3},"r":{"a":0,"k":0,"ix":6},"o":{"a":0,"k":100,"ix":7},"sk":{"a":0,"k":0,"ix":4},"sa":{"a":0,"k":0,"ix":5},"nm":"Transform"}],"nm":"Group 1","np":2,"cix":2,"bm":0,"ix":1,"mn":"ADBE Vector Group","hd":false}],"ip":0,"op":300,"st":0,"bm":0},{"ddd":0,"ind":15,"ty":4,"nm":"[L] Foot","parent":14,"sr":1,"ks":{"o":{"a":0,"k":100,"ix":11},"r":{"a":0,"k":0,"ix":10},"p":{"a":0,"k":[112.386,410.195,0],"ix":2},"a":{"a":0,"k":[112.386,410.195,0],"ix":1},"s":{"a":0,"k":[100,100,100],"ix":6}},"ao":0,"shapes":[{"ty":"gr","it":[{"ind":0,"ty":"sh","ix":1,"ks":{"a":0,"k":{"i":[[0,0],[0,0],[0,0],[0,0],[0,0],[0,0]],"o":[[0,0],[0,0],[0,0],[0,0],[0,0],[0,0]],"v":[[122.966,423.394],[116.23,425.471],[109.975,423.394],[104.361,436.266],[156.41,436.266],[136.843,429.83]],"c":true},"ix":2},"nm":"Path 1","mn":"ADBE Vector Shape - Group","hd":false},{"ty":"gf","o":{"a":0,"k":100,"ix":10},"r":1,"bm":0,"g":{"p":3,"k":{"a":0,"k":[0,1,0.545,0,0.022,1,0.553,0.018,0.044,1,0.561,0.035],"ix":9}},"s":{"a":0,"k":[104,430],"ix":5},"e":{"a":0,"k":[156.049,430],"ix":6},"t":1,"nm":"Gradient Fill 1","mn":"ADBE Vector Graphic - G-Fill","hd":false},{"ty":"tr","p":{"a":0,"k":[0,0],"ix":2},"a":{"a":0,"k":[0,0],"ix":1},"s":{"a":0,"k":[100,100],"ix":3},"r":{"a":0,"k":0,"ix":6},"o":{"a":0,"k":100,"ix":7},"sk":{"a":0,"k":0,"ix":4},"sa":{"a":0,"k":0,"ix":5},"nm":"Transform"}],"nm":"Group 1","np":2,"cix":2,"bm":0,"ix":1,"mn":"ADBE Vector Group","hd":false},{"ty":"gr","it":[{"ind":0,"ty":"sh","ix":1,"ks":{"a":0,"k":{"i":[[0,0],[0,0],[0,0],[0,0]],"o":[[0,0],[0,0],[0,0],[0,0]],"v":[[111.239,426.987],[124.111,426.987],[119.321,411.124],[106.449,411.124]],"c":true},"ix":2},"nm":"Path 1","mn":"ADBE Vector Shape - Group","hd":false},{"ty":"fl","c":{"a":0,"k":[1,1,1,1],"ix":4},"o":{"a":0,"k":100,"ix":5},"r":1,"bm":0,"nm":"Fill 1","mn":"ADBE Vector Graphic - Fill","hd":false},{"ty":"tr","p":{"a":0,"k":[0,0],"ix":2},"a":{"a":0,"k":[0,0],"ix":1},"s":{"a":0,"k":[100,100],"ix":3},"r":{"a":0,"k":0,"ix":6},"o":{"a":0,"k":100,"ix":7},"sk":{"a":0,"k":0,"ix":4},"sa":{"a":0,"k":0,"ix":5},"nm":"Transform"}],"nm":"Group 2","np":2,"cix":2,"bm":0,"ix":2,"mn":"ADBE Vector Group","hd":false}],"ip":0,"op":300,"st":0,"bm":0},{"ddd":0,"ind":16,"ty":4,"nm":"Bubble Icon Alpha","parent":18,"td":1,"sr":1,"ks":{"o":{"a":0,"k":100,"ix":11},"r":{"a":0,"k":0,"ix":10},"p":{"a":0,"k":[170.361,56.765,0],"ix":2},"a":{"a":0,"k":[170.361,56.765,0],"ix":1},"s":{"a":0,"k":[100,100,100],"ix":6}},"ao":0,"shapes":[{"ty":"gr","it":[{"ind":0,"ty":"sh","ix":1,"ks":{"a":0,"k":{"i":[[98.018,-9.62],[5.32,-74.582],[-19.368,-27.893],[4.907,-11.814],[0,0],[0,0],[-7.748,-3.36],[-27.523,2.664],[-7.055,73.038]],"o":[[-74.414,7.304],[-2.647,37.118],[7.297,10.508],[0,0],[0,0],[8.174,-2.119],[23.255,10.086],[73.037,-7.07],[9.465,-97.991]],"v":[[290.989,-251.381],[151.805,-108.162],[179.046,-8.677],[182.633,27.221],[170.361,56.765],[220.522,43.761],[245.08,45.663],[322.042,57.682],[461.232,-81.411]],"c":true},"ix":2},"nm":"Path 1","mn":"ADBE Vector Shape - Group","hd":false},{"ty":"fl","c":{"a":0,"k":[1,0.341176470588,0.274509803922,1],"ix":4},"o":{"a":0,"k":100,"ix":5},"r":1,"bm":0,"nm":"Fill 1","mn":"ADBE Vector Graphic - Fill","hd":false},{"ty":"tr","p":{"a":0,"k":[0,0],"ix":2},"a":{"a":0,"k":[0,0],"ix":1},"s":{"a":0,"k":[100,100],"ix":3},"r":{"a":0,"k":0,"ix":6},"o":{"a":0,"k":100,"ix":7},"sk":{"a":0,"k":0,"ix":4},"sa":{"a":0,"k":0,"ix":5},"nm":"Transform"}],"nm":"Group 3","np":2,"cix":2,"bm":0,"ix":1,"mn":"ADBE Vector Group","hd":false}],"ip":0,"op":900,"st":0,"bm":0},{"ddd":0,"ind":17,"ty":5,"nm":"Bubble Icon","parent":18,"tt":1,"sr":1,"ks":{"o":{"a":0,"k":100,"ix":11},"r":{"a":0,"k":14.344,"ix":10},"p":{"a":0,"k":[312.073,2.929,0],"ix":2},"a":{"a":0,"k":[-37.881,7.488,0],"ix":1},"s":{"a":1,"k":[{"i":{"x":[0.2,0.2,0.2],"y":[1,1,1]},"o":{"x":[0.8,0.8,0.8],"y":[0,0,0]},"t":35,"s":[-400,400,100]},{"t":65,"s":[-100,100,100]}],"ix":6}},"ao":0,"t":{"d":{"k":[{"s":{"s":210,"f":"KomikaAxis","t":"!","j":2,"tr":0,"lh":252,"ls":0,"fc":[1,1,1]},"t":0}]},"p":{},"m":{"g":1,"a":{"a":0,"k":[0,0],"ix":2}},"a":[]},"ip":0,"op":300,"st":0,"bm":0},{"ddd":0,"ind":18,"ty":4,"nm":"Bubble","sr":1,"ks":{"o":{"a":0,"k":100,"ix":11},"r":{"a":0,"k":0,"ix":10},"p":{"a":1,"k":[{"i":{"x":0.667,"y":1},"o":{"x":0.333,"y":0},"t":65,"s":[433.48,466.765,0],"to":[0,0,0],"ti":[0,0,0]},{"i":{"x":0.667,"y":1},"o":{"x":0.333,"y":0},"t":95,"s":[428.98,467.515,0],"to":[0,0,0],"ti":[0,0,0]},{"i":{"x":0.667,"y":1},"o":{"x":0.333,"y":0},"t":125,"s":[431.98,464.265,0],"to":[0,0,0],"ti":[0,0,0]},{"i":{"x":0.667,"y":1},"o":{"x":0.333,"y":0},"t":155,"s":[436.73,465.265,0],"to":[0,0,0],"ti":[0,0,0]},{"t":185,"s":[433.48,466.765,0]}],"ix":2},"a":{"a":0,"k":[170.361,56.765,0],"ix":1},"s":{"a":1,"k":[{"i":{"x":[0.1,0.1,0.1],"y":[1,1,1]},"o":{"x":[0.9,0.9,0.9],"y":[0,0,0]},"t":35,"s":[0,0,100]},{"t":65,"s":[-100,100,100]}],"ix":6}},"ao":0,"shapes":[{"ty":"gr","it":[{"ind":0,"ty":"sh","ix":1,"ks":{"a":0,"k":{"i":[[98.018,-9.62],[5.32,-74.582],[-19.368,-27.893],[4.907,-11.814],[0,0],[0,0],[-7.748,-3.36],[-27.523,2.664],[-7.055,73.038]],"o":[[-74.414,7.304],[-2.647,37.118],[7.297,10.508],[0,0],[0,0],[8.174,-2.119],[23.255,10.086],[73.037,-7.07],[9.465,-97.991]],"v":[[290.989,-251.381],[151.805,-108.162],[179.046,-8.677],[182.633,27.221],[170.361,56.765],[220.522,43.761],[245.08,45.663],[322.042,57.682],[461.232,-81.411]],"c":true},"ix":2},"nm":"Path 1","mn":"ADBE Vector Shape - Group","hd":false},{"ty":"fl","c":{"a":0,"k":[1,0.341176470588,0.274509803922,1],"ix":4},"o":{"a":0,"k":100,"ix":5},"r":1,"bm":0,"nm":"Fill 1","mn":"ADBE Vector Graphic - Fill","hd":false},{"ty":"tr","p":{"a":0,"k":[0,0],"ix":2},"a":{"a":0,"k":[0,0],"ix":1},"s":{"a":0,"k":[100,100],"ix":3},"r":{"a":0,"k":0,"ix":6},"o":{"a":0,"k":100,"ix":7},"sk":{"a":0,"k":0,"ix":4},"sa":{"a":0,"k":0,"ix":5},"nm":"Transform"}],"nm":"Group 3","np":2,"cix":2,"bm":0,"ix":1,"mn":"ADBE Vector Group","hd":false}],"ip":0,"op":900,"st":0,"bm":0},{"ddd":0,"ind":19,"ty":4,"nm":"Bubble Line","parent":18,"sr":1,"ks":{"o":{"a":0,"k":100,"ix":11},"r":{"a":0,"k":0,"ix":10},"p":{"a":0,"k":[389.75,55.25,0],"ix":2},"a":{"a":0,"k":[389.75,55.25,0],"ix":1},"s":{"a":0,"k":[100,100,100],"ix":6}},"ao":0,"shapes":[{"ty":"gr","it":[{"ind":0,"ty":"sh","ix":1,"ks":{"a":0,"k":{"i":[[0,0],[-53,63.5]],"o":[[0,0],[1.5,-5.5]],"v":[[329.5,87],[450,23.5]],"c":false},"ix":2},"nm":"Path 1","mn":"ADBE Vector Shape - Group","hd":false},{"ty":"st","c":{"a":0,"k":[1,0.674509803922,0.643137254902,1],"ix":3},"o":{"a":0,"k":100,"ix":4},"w":{"a":0,"k":15,"ix":5},"lc":2,"lj":1,"ml":4,"bm":0,"nm":"Stroke 1","mn":"ADBE Vector Graphic - Stroke","hd":false},{"ty":"tr","p":{"a":0,"k":[0,0],"ix":2},"a":{"a":0,"k":[0,0],"ix":1},"s":{"a":0,"k":[100,100],"ix":3},"r":{"a":0,"k":0,"ix":6},"o":{"a":0,"k":100,"ix":7},"sk":{"a":0,"k":0,"ix":4},"sa":{"a":0,"k":0,"ix":5},"nm":"Transform"}],"nm":"Shape 1","np":3,"cix":2,"bm":0,"ix":1,"mn":"ADBE Vector Group","hd":false},{"ty":"tm","s":{"a":1,"k":[{"i":{"x":[0.1],"y":[1]},"o":{"x":[0.9],"y":[0]},"t":40,"s":[50]},{"t":70,"s":[0]}],"ix":1},"e":{"a":1,"k":[{"i":{"x":[0.1],"y":[1]},"o":{"x":[0.9],"y":[0]},"t":40,"s":[50]},{"t":70,"s":[100]}],"ix":2},"o":{"a":0,"k":0,"ix":3},"m":1,"ix":2,"nm":"Trim Paths 1","mn":"ADBE Vector Filter - Trim","hd":false}],"ip":0,"op":900,"st":0,"bm":0},{"ddd":0,"ind":20,"ty":4,"nm":"BG Leave","sr":1,"ks":{"o":{"a":0,"k":100,"ix":11},"r":{"a":1,"k":[{"i":{"x":[0.2],"y":[1]},"o":{"x":[0.8],"y":[0]},"t":13,"s":[19.296]},{"t":43,"s":[0]}],"ix":10},"p":{"a":0,"k":[659.01,976.266,0],"ix":2},"a":{"a":0,"k":[659.01,976.266,0],"ix":1},"s":{"a":1,"k":[{"i":{"x":[0.2,0.2,0.2],"y":[1,1,1]},"o":{"x":[0.8,0.8,0.8],"y":[0,0,0]},"t":10,"s":[0,0,100]},{"t":40,"s":[100,100,100]}],"ix":6}},"ao":0,"shapes":[{"ty":"gr","it":[{"ty":"gr","it":[{"ind":0,"ty":"sh","ix":1,"ks":{"a":0,"k":{"i":[[0,0],[8.769,-138.263]],"o":[[0,0],[0,0]],"v":[[208.394,172.481],[119.01,435.267]],"c":false},"ix":2},"nm":"Path 1","mn":"ADBE Vector Shape - Group","hd":false},{"ty":"st","c":{"a":0,"k":[1,1,1,1],"ix":3},"o":{"a":0,"k":100,"ix":4},"w":{"a":0,"k":1,"ix":5},"lc":2,"lj":2,"bm":0,"nm":"Stroke 1","mn":"ADBE Vector Graphic - Stroke","hd":false},{"ty":"tr","p":{"a":0,"k":[0,0],"ix":2},"a":{"a":0,"k":[0,0],"ix":1},"s":{"a":0,"k":[100,100],"ix":3},"r":{"a":0,"k":0,"ix":6},"o":{"a":0,"k":100,"ix":7},"sk":{"a":0,"k":0,"ix":4},"sa":{"a":0,"k":0,"ix":5},"nm":"Transform"}],"nm":"Group 1","np":2,"cix":2,"bm":0,"ix":1,"mn":"ADBE Vector Group","hd":false},{"ty":"tr","p":{"a":0,"k":[703.702,843.874],"ix":2},"a":{"a":0,"k":[163.702,303.874],"ix":1},"s":{"a":0,"k":[100,100],"ix":3},"r":{"a":0,"k":0,"ix":6},"o":{"a":0,"k":100,"ix":7},"sk":{"a":0,"k":0,"ix":4},"sa":{"a":0,"k":0,"ix":5},"nm":"Transform"}],"nm":"Layer 25","np":1,"cix":2,"bm":0,"ix":1,"mn":"ADBE Vector Group","hd":false},{"ty":"gr","it":[{"ty":"gr","it":[{"ind":0,"ty":"sh","ix":1,"ks":{"a":0,"k":{"i":[[-4.808,5.546],[-4.6,16.774],[1.312,12.641],[-8.177,9.729],[-10.239,2.201],[-9.085,5.209],[-7.92,12.62],[-17.724,-9.405],[12.485,-13.351],[1.218,-12.063],[5.724,-17.335],[7.97,-10.877],[-4.643,-12.505],[-2.888,-13.022],[23.824,-5.941],[0,0],[9.263,16.172],[-5.423,12.996]],"o":[[11.525,-13.292],[3.361,-12.256],[-1.312,-12.641],[6.738,-8.017],[10.238,-2.2],[14.752,-8.458],[8.887,-14.161],[18.769,9.959],[-8.281,8.856],[-1.834,18.162],[-4.228,12.804],[-7.884,10.76],[4.642,12.504],[5.909,26.649],[-21.891,5.459],[-16.849,-5.895],[-6.999,-12.22],[2.794,-6.697]],"v":[[67.294,340.274],[98.006,298.736],[97.404,260.87],[104.729,224.524],[132.348,210.825],[162.356,202.025],[182.089,166.557],[229.375,143.739],[232.685,197.287],[212.582,226.704],[225.833,278.553],[197.497,306.635],[195.843,344.977],[210.685,382.067],[171.862,433.07],[102.754,435.954],[57.961,399.086],[55.416,358.379]],"c":true},"ix":2},"nm":"Path 1","mn":"ADBE Vector Shape - Group","hd":false},{"ty":"fl","c":{"a":0,"k":[0.988235294819,0.647058844566,0.419607847929,1],"ix":4},"o":{"a":0,"k":100,"ix":5},"r":1,"bm":0,"nm":"Fill 1","mn":"ADBE Vector Graphic - Fill","hd":false},{"ty":"tr","p":{"a":0,"k":[0,0],"ix":2},"a":{"a":0,"k":[0,0],"ix":1},"s":{"a":0,"k":[100,100],"ix":3},"r":{"a":0,"k":0,"ix":6},"o":{"a":0,"k":100,"ix":7},"sk":{"a":0,"k":0,"ix":4},"sa":{"a":0,"k":0,"ix":5},"nm":"Transform"}],"nm":"Group 1","np":2,"cix":2,"bm":0,"ix":1,"mn":"ADBE Vector Group","hd":false},{"ty":"tr","p":{"a":0,"k":[687.344,828.849],"ix":2},"a":{"a":0,"k":[147.344,288.849],"ix":1},"s":{"a":0,"k":[100,100],"ix":3},"r":{"a":0,"k":0,"ix":6},"o":{"a":0,"k":45,"ix":7},"sk":{"a":0,"k":0,"ix":4},"sa":{"a":0,"k":0,"ix":5},"nm":"Transform"}],"nm":"Layer 26","np":1,"cix":2,"bm":0,"ix":2,"mn":"ADBE Vector Group","hd":false}],"ip":0,"op":300,"st":0,"bm":0},{"ddd":0,"ind":21,"ty":4,"nm":"BG Shape","sr":1,"ks":{"o":{"a":0,"k":100,"ix":11},"r":{"a":0,"k":0,"ix":10},"p":{"a":0,"k":[515.74,605.706,0],"ix":2},"a":{"a":0,"k":[-24.26,65.706,0],"ix":1},"s":{"a":1,"k":[{"i":{"x":[0.25,0.25,0.25],"y":[1,1,1]},"o":{"x":[0.75,0.75,0.75],"y":[0,0,0]},"t":0,"s":[0,0,100]},{"t":35,"s":[100,100,100]}],"ix":6}},"ao":0,"ef":[{"ty":5,"nm":"Turbulent Displace","np":16,"mn":"ADBE Turbulent Displace","ix":1,"en":1,"ef":[{"ty":7,"nm":"Displacement","mn":"ADBE Turbulent Displace-0001","ix":1,"v":{"a":0,"k":1,"ix":1}},{"ty":0,"nm":"Amount","mn":"ADBE Turbulent Displace-0002","ix":2,"v":{"a":1,"k":[{"i":{"x":[0.25],"y":[1]},"o":{"x":[0.75],"y":[0]},"t":3,"s":[50]},{"t":38,"s":[0]}],"ix":2}},{"ty":0,"nm":"Size","mn":"ADBE Turbulent Displace-0003","ix":3,"v":{"a":0,"k":100,"ix":3}},{"ty":3,"nm":"Offset (Turbulence)","mn":"ADBE Turbulent Displace-0004","ix":4,"v":{"a":0,"k":[540,540],"ix":4}},{"ty":0,"nm":"Complexity","mn":"ADBE Turbulent Displace-0005","ix":5,"v":{"a":0,"k":1,"ix":5}},{"ty":0,"nm":"Evolution","mn":"ADBE Turbulent Displace-0006","ix":6,"v":{"a":1,"k":[{"i":{"x":[0.25],"y":[1]},"o":{"x":[0.75],"y":[0]},"t":3,"s":[-90]},{"t":38,"s":[0]}],"ix":6}},{"ty":6,"nm":"Evolution Options","mn":"ADBE Turbulent Displace-0007","ix":7,"v":0},{"ty":7,"nm":"Cycle Evolution","mn":"ADBE Turbulent Displace-0008","ix":8,"v":{"a":0,"k":0,"ix":8}},{"ty":0,"nm":"Cycle (in Revolutions)","mn":"ADBE Turbulent Displace-0009","ix":9,"v":{"a":0,"k":1,"ix":9}},{"ty":0,"nm":"Random Seed","mn":"ADBE Turbulent Displace-0010","ix":10,"v":{"a":0,"k":0,"ix":10}},{"ty":6,"nm":"Random Seed","mn":"ADBE Turbulent Displace-0011","ix":11,"v":0},{"ty":7,"nm":"Pinning","mn":"ADBE Turbulent Displace-0012","ix":12,"v":{"a":0,"k":3,"ix":12}},{"ty":7,"nm":"Resize Layer","mn":"ADBE Turbulent Displace-0013","ix":13,"v":{"a":0,"k":0,"ix":13}},{"ty":7,"nm":"Antialiasing for Best Quality","mn":"ADBE Turbulent Displace-0014","ix":14,"v":{"a":0,"k":1,"ix":14}}]}],"shapes":[{"ty":"gr","it":[{"ind":0,"ty":"sh","ix":1,"ks":{"a":0,"k":{"i":[[174.243,72.471],[-107.397,82.355],[-94.656,-207.594],[26.666,240.952]],"o":[[-86.976,-36.175],[276.592,-212.099],[173.867,381.313],[-23.4,-211.448]],"v":[[-333.476,50.904],[-326.008,-222.658],[321.542,-99.841],[-108.574,382.967]],"c":true},"ix":2},"nm":"Path 1","mn":"ADBE Vector Shape - Group","hd":false},{"ty":"fl","c":{"a":0,"k":[0.960784316063,0.952941179276,0.945098042488,1],"ix":4},"o":{"a":0,"k":100,"ix":5},"r":1,"bm":0,"nm":"Fill 1","mn":"ADBE Vector Graphic - Fill","hd":false},{"ty":"tr","p":{"a":0,"k":[0,0],"ix":2},"a":{"a":0,"k":[0,0],"ix":1},"s":{"a":0,"k":[100,100],"ix":3},"r":{"a":0,"k":0,"ix":6},"o":{"a":0,"k":100,"ix":7},"sk":{"a":0,"k":0,"ix":4},"sa":{"a":0,"k":0,"ix":5},"nm":"Transform"}],"nm":"Group 1","np":2,"cix":2,"bm":0,"ix":1,"mn":"ADBE Vector Group","hd":false}],"ip":0,"op":300,"st":0,"bm":0}],"markers":[],"chars":[{"ch":"!","size":210,"style":"Regular","w":40,"data":{"shapes":[{"ty":"gr","it":[{"ind":0,"ty":"sh","ix":1,"ks":{"a":0,"k":{"i":[[-0.434,-1.233],[0.6,-1.8],[1.7,-5.133],[1.566,-5],[1.3,-4.633],[1,-4],[0.7,-0.333],[1.533,0.4],[1.566,0.5],[1.466,0.734],[0.5,0.967],[-0.334,1.934],[-0.967,5.234],[-1.2,5.534],[-1.267,5.4],[-1.134,4.267],[-1.034,0.467],[-2.134,-0.733],[-2.367,-1],[-1.734,-1.2]],"o":[[0.433,1.234],[-1.734,5],[-1.7,5.134],[-1.567,5],[-1.3,4.634],[-0.334,1.4],[-0.7,0.334],[-1.867,-0.333],[-1.567,-0.5],[-1.534,-0.8],[-0.5,-0.966],[0.533,-3.866],[0.966,-5.233],[1.2,-5.533],[1.266,-5.4],[0.533,-2.066],[1.033,-0.466],[2,0.534],[2.366,1],[1.8,1.267]],"v":[[36.45,-82.65],[36.2,-78.1],[31.05,-62.9],[26.15,-47.7],[21.85,-33.25],[18.4,-20.3],[16.85,-17.7],[13.5,-17.8],[8.35,-19.05],[3.8,-20.9],[0.75,-23.55],[0.5,-27.9],[2.75,-41.55],[6,-57.7],[9.7,-74.1],[13.3,-88.6],[15.65,-92.4],[20.4,-92],[26.95,-89.7],[33.1,-86.4]],"c":true},"ix":2},"nm":"!","mn":"ADBE Vector Shape - Group","hd":false},{"ind":1,"ty":"sh","ix":2,"ks":{"a":0,"k":{"i":[[-0.633,1.234],[-1.2,0.834],[-1.7,0.234],[-2.134,-0.6],[-1.134,-0.9],[-0.534,-1.066],[-0.034,-1.066],[0.266,-0.8],[0.566,-0.833],[0.833,-0.7],[1.166,-0.5],[1.466,0],[2.2,1.733],[-0.133,3.2]],"o":[[0.634,-1.233],[1.2,-0.833],[1.7,-0.233],[1.8,0.467],[1.133,0.9],[0.533,1.067],[0.033,1.067],[-0.2,0.6],[-0.567,0.834],[-0.834,0.7],[-1.167,0.5],[-3.134,0.066],[-2.2,-1.733],[0.067,-1.4]],"v":[[-3.35,-10.35],[-0.6,-13.45],[3.75,-15.05],[9.5,-14.5],[13.9,-12.45],[16.4,-9.5],[17.25,-6.3],[16.9,-3.5],[15.75,-1.35],[13.65,0.95],[10.65,2.75],[6.7,3.5],[-1.3,1],[-4.4,-6.4]],"c":true},"ix":2},"nm":"!","mn":"ADBE Vector Shape - Group","hd":false}],"nm":"!","np":5,"cix":2,"bm":0,"ix":1,"mn":"ADBE Vector Group","hd":false}]},"fFamily":"Komika Axis"}]}